{
    "name": "root",
    "metadata": {
        "timer_format_version": "0.1.0",
        "start_time_seconds": "1612214856",
        "python_version": "3.7.2 (v3.7.2:9a3ffc0492, Dec 24 2018, 02:44:43) \n[Clang 6.0 (clang-600.0.57)]",
        "command_line_arguments": "/Users/arnavnayak/Documents/VR/Pong-AI/venv/bin/mlagents-learn --run-id=take1",
        "mlagents_version": "0.23.0",
        "mlagents_envs_version": "0.23.0",
        "communication_protocol_version": "1.3.0",
        "pytorch_version": "1.7.1",
        "numpy_version": "1.20.0",
        "end_time_seconds": "1612214967"
    },
    "total": 110.863092296,
    "count": 1,
    "self": 0.01363141400000245,
    "children": {
        "run_training.setup": {
            "total": 0.017744552999999996,
            "count": 1,
            "self": 0.017744552999999996
        },
        "TrainerController.start_learning": {
            "total": 110.831716329,
            "count": 1,
            "self": 0.28652944399982516,
            "children": {
                "TrainerController._reset_env": {
                    "total": 9.222228422,
                    "count": 1,
                    "self": 9.222228422
                },
                "TrainerController.advance": {
                    "total": 100.96757427400019,
                    "count": 6228,
                    "self": 0.14204206100026795,
                    "children": {
                        "env_step": {
                            "total": 100.82553221299992,
                            "count": 6228,
                            "self": 86.32721872199951,
                            "children": {
                                "SubprocessEnvManager._take_step": {
                                    "total": 14.357431271000054,
                                    "count": 6228,
                                    "self": 0.7981559520000712,
                                    "children": {
                                        "TorchPolicy.evaluate": {
                                            "total": 13.559275318999983,
                                            "count": 6194,
                                            "self": 3.2234026669999913,
                                            "children": {
                                                "TorchPolicy.sample_actions": {
                                                    "total": 10.335872651999992,
                                                    "count": 6194,
                                                    "self": 10.335872651999992
                                                }
                                            }
                                        }
                                    }
                                },
                                "workers": {
                                    "total": 0.1408822200003499,
                                    "count": 6227,
                                    "self": 0.0,
                                    "children": {
                                        "worker_root": {
                                            "total": 109.99205010099989,
                                            "count": 6227,
                                            "is_parallel": true,
                                            "self": 34.73014683500004,
                                            "children": {
                                                "run_training.setup": {
                                                    "total": 0.0,
                                                    "count": 0,
                                                    "is_parallel": true,
                                                    "self": 0.0,
                                                    "children": {
                                                        "steps_from_proto": {
                                                            "total": 0.0013436979999994492,
                                                            "count": 1,
                                                            "is_parallel": true,
                                                            "self": 0.0004592649999981546,
                                                            "children": {
                                                                "_process_vector_observation": {
                                                                    "total": 0.0008844330000012945,
                                                                    "count": 2,
                                                                    "is_parallel": true,
                                                                    "self": 0.0008844330000012945
                                                                }
                                                            }
                                                        },
                                                        "UnityEnvironment.step": {
                                                            "total": 0.03897336200000012,
                                                            "count": 1,
                                                            "is_parallel": true,
                                                            "self": 0.0001753999999998257,
                                                            "children": {
                                                                "UnityEnvironment._generate_step_input": {
                                                                    "total": 0.0001826890000007353,
                                                                    "count": 1,
                                                                    "is_parallel": true,
                                                                    "self": 0.0001826890000007353
                                                                },
                                                                "communicator.exchange": {
                                                                    "total": 0.03816919399999996,
                                                                    "count": 1,
                                                                    "is_parallel": true,
                                                                    "self": 0.03816919399999996
                                                                },
                                                                "steps_from_proto": {
                                                                    "total": 0.00044607899999959955,
                                                                    "count": 1,
                                                                    "is_parallel": true,
                                                                    "self": 0.00023737199999906977,
                                                                    "children": {
                                                                        "_process_vector_observation": {
                                                                            "total": 0.00020870700000052977,
                                                                            "count": 2,
                                                                            "is_parallel": true,