{
    "name": "root",
    "metadata": {
        "timer_format_version": "0.1.0",
        "start_time_seconds": "1612215000",
        "python_version": "3.7.2 (v3.7.2:9a3ffc0492, Dec 24 2018, 02:44:43) \n[Clang 6.0 (clang-600.0.57)]",
        "command_line_arguments": "/Users/arnavnayak/Documents/VR/Pong-AI/venv/bin/mlagents-learn --run-id=take2",
        "mlagents_version": "0.23.0",
        "mlagents_envs_version": "0.23.0",
        "communication_protocol_version": "1.3.0",
        "pytorch_version": "1.7.1",
        "numpy_version": "1.20.0",
        "end_time_seconds": "1612215297"
    },
    "total": 296.74168077400003,
    "count": 1,
    "self": 0.007981099999994967,
    "children": {
        "run_training.setup": {
            "total": 0.01374132100000014,
            "count": 1,
            "self": 0.01374132100000014
        },
        "TrainerController.start_learning": {
            "total": 296.71995835300004,
            "count": 1,
            "self": 0.8638855740010172,
            "children": {
                "TrainerController._reset_env": {
                    "total": 6.964538623,
                    "count": 1,
                    "self": 6.964538623
                },
                "TrainerController.advance": {
                    "total": 288.70730830599905,
                    "count": 13862,
                    "self": 0.41283359699991706,
                    "children": {
                        "env_step": {
                            "total": 288.29447470899913,
                            "count": 13862,
                            "self": 241.16147939799853,
                            "children": {
                                "SubprocessEnvManager._take_step": {
                                    "total": 46.71226377500192,
                                    "count": 13862,
                                    "self": 2.405807839004993,
                                    "children": {
                                        "TorchPolicy.evaluate": {
                                            "total": 44.30645593599693,
                                            "count": 13704,
                                            "self": 9.905731524998174,
                                            "children": {
                                                "TorchPolicy.sample_actions": {
                                                    "total": 34.400724410998755,
                                                    "count": 13704,
                                                    "self": 34.400724410998755
                                                }
                                            }
                                        }
                                    }
                                },
                                "workers": {
                                    "total": 0.4207315359986836,
                                    "count": 13861,
                                    "self": 0.0,
                                    "children": {
                                        "worker_root": {
                                            "total": 295.38858022200026,
                                            "count": 13861,
                                            "is_parallel": true,
                                            "self": 88.59835699100066,
                                            "children": {
                                                "run_training.setup": {
                                                    "total": 0.0,
                                                    "count": 0,
                                                    "is_parallel": true,
                                                    "self": 0.0,
                                                    "children": {
                                                        "steps_from_proto": {
                                                            "total": 0.0014414699999996117,
                                                            "count": 1,
                                                            "is_parallel": true,
                                                            "self": 0.0004885729999983823,
                                                            "children": {
                                                                "_process_vector_observation": {
                                                                    "total": 0.0009528970000012293,
                                                                    "count": 2,
                                                                    "is_parallel": true,
                                                                    "self": 0.0009528970000012293
                                                                }
                                                            }
                                                        },
                                                        "UnityEnvironment.step": {
                                                            "total": 0.04308581499999953,
                                                            "count": 1,
                                                            "is_parallel": true,
                                                            "self": 0.00020466199999980006,
                                                            "children": {
                                                                "UnityEnvironment._generate_step_input": {
                                                                    "total": 0.0002360919999997435,
                                                                    "count": 1,
                                                                    "is_parallel": true,
                                                                    "self": 0.0002360919999997435
                                                                },
                                                                "communicator.exchange": {
                                                                    "total": 0.042111247999999435,
                                                                    "count": 1,
                                                                    "is_parallel": true,
                                                                    "self": 0.042111247999999435
                                                                },
                                                                "steps_from_proto": {
                                                                    "total": 0.0005338130000005492,
                                                                    "count": 1,
                                                                    "is_parallel": true,
                                                                    "self": 0.0002881339999998289,
                                                                    "children": {
                                                                        "_process_vector_observation": {
                                                                            "total": 0.0002456790000007203,
                                                                            "count": 2,
                                                                            "is_parallel": true,