{
    "name": "root",
    "gauges": {
        "MoveToBall.Policy.Entropy.mean": {
            "value": 1.4010131359100342,
            "min": 1.4010131359100342,
            "max": 1.41800057888031,
            "count": 10
        },
        "MoveToBall.Environment.EpisodeLength.mean": {
            "value": 38.874800637958536,
            "min": 38.22075910147173,
            "max": 41.316326530612244,
            "count": 10
        },
        "MoveToBall.Policy.ExtrinsicValueEstimate.mean": {
            "value": 0.6330832839012146,
            "min": -0.3953665494918823,
            "max": 0.6330832839012146,
            "count": 10
        },
        "MoveToBall.Environment.CumulativeReward.mean": {
            "value": 0.8197767145135566,
            "min": -0.04537953795379538,
            "max": 0.8197767145135566,
            "count": 10
        },
        "MoveToBall.Policy.ExtrinsicReward.mean": {
            "value": 0.8197767145135566,
            "min": -0.04537953795379538,
            "max": 0.8197767145135566,
            "count": 10
        },
        "MoveToBall.Losses.PolicyLoss.mean": {
            "value": 0.02402557922371974,
            "min": 0.019983462698291984,
            "max": 0.027719019952540596,
            "count": 10
        },
        "MoveToBall.Losses.ValueLoss.mean": {
            "value": 0.06290250713626545,
            "min": 0.06290250713626545,
            "max": 0.39494329628845054,
            "count": 10
        },
        "MoveToBall.Policy.LearningRate.mean": {
            "value": 1.6409014530360003e-05,
            "min": 1.6409014530360003e-05,
            "max": 0.0002845869051377,
            "count": 10
        },
        "MoveToBall.Policy.Epsilon.mean": {
            "value": 0.10546964,
            "min": 0.10546964,
            "max": 0.19486230000000007,
            "count": 10
        },
        "MoveToBall.Policy.Beta.mean": {
            "value": 0.00028293503600000013,
            "min": 0.00028293503600000013,
            "max": 0.004743628769999999,
            "count": 10
        },
        "MoveToBall.IsTraining.mean": {
            "value": 1.0,
            "min": 1.0,
            "max": 1.0,
            "count": 10
        }
    },
    "metadata": {
        "timer_format_version": "0.1.0",
        "start_time_seconds": "1612216675",
        "python_version": "3.7.2 (v3.7.2:9a3ffc0492, Dec 24 2018, 02:44:43) \n[Clang 6.0 (clang-600.0.57)]",
        "command_line_arguments": "/Users/arnavnayak/Documents/VR/Pong-AI/venv/bin/mlagents-learn --force --run-id=take5",
        "mlagents_version": "0.23.0",
        "mlagents_envs_version": "0.23.0",
        "communication_protocol_version": "1.3.0",
        "pytorch_version": "1.7.1",
        "numpy_version": "1.20.0",
        "end_time_seconds": "1612217212"
    },
    "total": 537.711391375,
    "count": 1,
    "self": 0.008914603999983228,
    "children": {
        "run_training.setup": {
            "total": 0.013622811999999929,
            "count": 1,
            "self": 0.013622811999999929
        },
        "TrainerController.start_learning": {
            "total": 537.688853959,
            "count": 1,
            "self": 0.7221649219989104,
            "children": {
                "TrainerController._reset_env": {
                    "total": 7.226812379,
                    "count": 1,
                    "self": 7.226812379
                },
                "TrainerController.advance": {
                    "total": 529.6724912600012,
                    "count": 18784,
                    "self": 0.3607293840066177,
                    "children": {
                        "env_step": {
                            "total": 529.3117618759945,
                            "count": 18784,
                            "self": 473.98546554299196,
                            "children": {
                                "SubprocessEnvManager._take_step": {
                                    "total": 54.94191104899989,
                                    "count": 18784,
                                    "self": 1.6877610320018732,
                                    "children": {
                                        "TorchPolicy.evaluate": {
                                            "total": 53.25415001699802,
                                            "count": 10027,
                                            "self": 9.42868775999733,
                                            "children": {
                                                "TorchPolicy.sample_actions": {
                                                    "total": 43.82546225700069,
                                                    "count": 10027,
                                                    "self": 43.82546225700069
                                                }
                                            }
                                        }
                                    }
                                },
                                "workers": {
                                    "total": 0.384385284002704,
                                    "count": 18784,
                                    "self": 0.0,
                                    "children": {
                                        "worker_root": {
                                            "total": 536.5968877919997,
                                            "count": 18784,
                                            "is_parallel": true,
                                            "self": 186.72180094600054,
                                            "children": {
                                                "run_training.setup": {
                                                    "total": 0.0,
                                                    "count": 0,
                                                    "is_parallel": true,
                                                    "self": 0.0,
                                                    "children": {
                                                        "steps_from_proto": {
                                                            "total": 0.0019307240000010495,
                                                            "count": 1,
                                                            "is_parallel": true,
                                                            "self": 0.000573984000000749,
                                                            "children": {
                                                                "_process_vector_observation": {
                                                                    "total": 0.0013567400000003005,
                                                                    "count": 2,
                                                                    "is_parallel": true,
                                                                    "self": 0.0013567400000003005
                                                                }
                                                            }
                                                        },
                                                        "UnityEnvironment.step": {
                                                            "total": 0.05766826499999844,
                                                            "count": 1,
                                                            "is_parallel": true,
                                                            "self": 0.00040348399999778906,
                                                            "children": {
                                                                "UnityEnvironment._generate_step_input": {
                                                                    "total": 0.0014267879999998456,
                                                                    "count": 1,